"id","staticid","updatetime","totime","siteid","description","linkurl"
1,1,2013-03-06 19:51:32.785+00,,1,"Seward Highway @ Portage Glacier Road","http://www.dot.state.ak.us/iways/roadweather/forms/CameraViews.html?areaId=2&perspectiveId=2&siteId=0"
2,2,2013-03-06 19:51:32.786+00,,2,"Seward Highway @ Bird Point MP 96.3","http://www.dot.state.ak.us/iways/roadweather/forms/CameraViews.html?areaId=2&perspectiveId=2&siteId=1"
3,3,2013-03-06 19:51:32.786+00,,3,"Seward Highway @ Huffman Road","http://www.dot.state.ak.us/iways/roadweather/forms/CameraViews.html?areaId=2&perspectiveId=2&siteId=2"
4,4,2013-03-06 19:51:32.786+00,,4,"Glenn Highway @ Eagle River Bridge MP 12.8","http://www.dot.state.ak.us/iways/roadweather/forms/CameraViews.html?areaId=3&perspectiveId=2&siteId=3"
5,5,2013-03-06 19:51:32.786+00,,5,"Hillside Road @ Upper Huffman Road","http://www.dot.state.ak.us/iways/roadweather/forms/CameraViews.html?areaId=2&perspectiveId=2&siteId=4"
6,6,2013-03-06 19:51:32.787+00,,6,"Seward Highway @ McHugh Creek MP 111.8","http://www.dot.state.ak.us/iways/roadweather/forms/CameraViews.html?areaId=2&perspectiveId=2&siteId=5"
7,7,2013-03-06 19:51:32.787+00,,7,"Glenn Highway @ S Curves 9.9","http://www.dot.state.ak.us/iways/roadweather/forms/CameraViews.html?areaId=1&perspectiveId=2&siteId=6"
8,8,2013-03-06 19:51:32.787+00,,8,"Glenn Highway @ 2nd Knik River Bridge MP 31.1","http://www.dot.state.ak.us/iways/roadweather/forms/CameraViews.html?areaId=1&perspectiveId=2&siteId=7"
9,9,2013-03-06 19:51:32.787+00,,9,"Parks Highway @ Hawk Lane MP 53.2","http://www.dot.state.ak.us/iways/roadweather/forms/CameraViews.html?areaId=1&perspectiveId=2&siteId=8"
10,10,2013-03-06 19:51:32.787+00,,10,"Parks Highway @ Talkeetna Road MP 98.7","http://www.dot.state.ak.us/iways/roadweather/forms/CameraViews.html?areaId=1&perspectiveId=2&siteId=9"
11,11,2013-03-06 19:51:32.788+00,,11,"Sterling Highway @ DOT Soldotna MS - MP 98","http://www.dot.state.ak.us/iways/roadweather/forms/CameraViews.html?areaId=2&perspectiveId=2&siteId=10"
12,12,2013-03-06 19:51:32.788+00,,12,"Seward Highway @ Summit Lake Lodge MP 45.8","http://www.dot.state.ak.us/iways/roadweather/forms/CameraViews.html?areaId=2&perspectiveId=2&siteId=11"
13,13,2013-03-06 19:51:32.788+00,,13,"Sterling Highway @ Russian River Ferry MP 54.8","http://www.dot.state.ak.us/iways/roadweather/forms/CameraViews.html?areaId=2&perspectiveId=2&siteId=12"
14,14,2013-03-06 19:51:32.788+00,,14,"Sterling Highway @ Ninilchik River Bridge MP 135.2","http://www.dot.state.ak.us/iways/roadweather/forms/CameraViews.html?areaId=2&perspectiveId=2&siteId=13"
15,15,2013-03-06 19:51:32.788+00,,15,"Glacier Highway/Egan Drive @ MP 3","http://www.dot.state.ak.us/iways/roadweather/forms/CameraViews.html?areaId=8&perspectiveId=2&siteId=14"
16,16,2013-03-06 19:51:32.789+00,,16,"Mendenhall Loop Road @ Goat Hill - bottom","http://www.dot.state.ak.us/iways/roadweather/forms/CameraViews.html?areaId=2&perspectiveId=2&siteId=15"
17,17,2013-03-06 19:51:32.789+00,,17,"Glacier Highway @ Cohen Drive MP 21","http://www.dot.state.ak.us/iways/roadweather/forms/CameraViews.html?areaId=8&perspectiveId=2&siteId=16"
18,18,2013-03-06 19:51:32.789+00,,18,"Haines Highway @ Chilkat River Bridge MP 23.8","http://www.dot.state.ak.us/iways/roadweather/forms/CameraViews.html?areaId=5&perspectiveId=2&siteId=17"
19,19,2013-03-06 19:51:32.789+00,,19,"Glenn Highway @ Gunsight Mountain MP 117","http://www.dot.state.ak.us/iways/roadweather/forms/CameraViews.html?areaId=3&perspectiveId=2&siteId=18"
20,20,2013-03-06 19:51:32.789+00,,20,"Parks Highway @ Broad Pass MP 201","http://www.dot.state.ak.us/iways/roadweather/forms/CameraViews.html?areaId=1&perspectiveId=2&siteId=19"
21,21,2013-03-06 19:51:32.79+00,,21,"Richardson Highway @ Valdez MP 18.6","http://www.dot.state.ak.us/iways/roadweather/forms/CameraViews.html?areaId=3&perspectiveId=2&siteId=20"
22,22,2013-03-06 19:51:32.79+00,,22,"Edgerton Hwy @ Richardson Highway","http://www.dot.state.ak.us/iways/roadweather/forms/CameraViews.html?areaId=3&perspectiveId=2&siteId=21"
23,23,2013-03-06 19:51:32.79+00,,23,"Richardson Highway @ Birch Lake MP 307.2","http://www.dot.state.ak.us/iways/roadweather/forms/CameraViews.html?areaId=4&perspectiveId=2&siteId=22"
24,24,2013-03-06 19:51:32.79+00,,24,"Tok Cutoff @ Mentasta Pass MP 79.2","http://www.dot.state.ak.us/iways/roadweather/forms/CameraViews.html?areaId=3&perspectiveId=2&siteId=23"
25,25,2013-03-06 19:51:32.79+00,,25,"Richardson Highway @ Trims DOT MS MP 218.2","http://www.dot.state.ak.us/iways/roadweather/forms/CameraViews.html?areaId=2&perspectiveId=2&siteId=24"
26,26,2013-03-06 19:51:32.791+00,,26,"Alaska Highway @ Dot Lake MP 1360.4","http://www.dot.state.ak.us/iways/roadweather/forms/CameraViews.html?areaId=4&perspectiveId=2&siteId=107"
27,27,2013-03-06 19:51:32.791+00,,27,"Richardson Highway @ Thompson Pass MP 25.7","http://www.dot.state.ak.us/iways/roadweather/forms/CameraViews.html?areaId=3&perspectiveId=2&siteId=26"
28,28,2013-03-06 19:51:32.791+00,,28,"Richardson Highway @ Badger Interchange MP 358","http://www.dot.state.ak.us/iways/roadweather/forms/CameraViews.html?areaId=2&perspectiveId=2&siteId=27"
29,29,2013-03-06 19:51:32.791+00,,29,"University Avenue Fairbanks @ Chena River Bridge","http://www.dot.state.ak.us/iways/roadweather/forms/CameraViews.html?areaId=2&perspectiveId=2&siteId=28"
30,30,2013-03-06 19:51:32.791+00,,30,"Steese Highway @ Cleary Summit MP 20.9","http://www.dot.state.ak.us/iways/roadweather/forms/CameraViews.html?areaId=6&perspectiveId=2&siteId=29"
31,31,2013-03-06 19:51:32.792+00,,31,"Haines Hwy @ Klehini MP 36.6","http://www.dot.state.ak.us/iways/roadweather/forms/CameraViews.html?areaId=5&perspectiveId=2&siteId=30"
32,32,2013-03-06 19:51:32.792+00,,32,"Parks Highway @ Little Coal Creek MP 163.2","http://www.dot.state.ak.us/iways/roadweather/forms/CameraViews.html?areaId=1&perspectiveId=2&siteId=31"
33,33,2013-03-06 19:51:32.792+00,,33,"Klondike Highway @ US/Canadian Border MP 14.9","http://www.dot.state.ak.us/iways/roadweather/forms/CameraViews.html?areaId=5&perspectiveId=2&siteId=32"
34,34,2013-03-06 19:51:32.792+00,,34,"Whittier Access Road MP 7 @ Bear Valley Tunnel","http://www.dot.state.ak.us/iways/roadweather/forms/CameraViews.html?areaId=2&perspectiveId=2&siteId=33"
35,35,2013-03-06 19:51:32.792+00,,35,"North Douglas Highway MP 4","http://www.dot.state.ak.us/iways/roadweather/forms/CameraViews.html?areaId=8&perspectiveId=2&siteId=34"
36,36,2013-03-06 19:51:32.793+00,,36,"Richardson Highway @ Stuart Creek MP 45.7","http://www.dot.state.ak.us/iways/roadweather/forms/CameraViews.html?areaId=3&perspectiveId=2&siteId=102"
37,37,2013-03-06 19:51:32.793+00,,37,"Glenn Highway @ MP 176.6","http://www.dot.state.ak.us/iways/roadweather/forms/CameraViews.html?areaId=3&perspectiveId=2&siteId=101"
38,38,2013-03-06 19:51:32.793+00,,38,"Seward Highway @ Turnagain Pass MP 69.9","http://www.dot.state.ak.us/iways/roadweather/forms/CameraViews.html?areaId=2&perspectiveId=2&siteId=104"
39,39,2013-03-06 19:51:32.793+00,,39,"Sterling Highway @ Tern Lake MP 37","http://www.dot.state.ak.us/iways/roadweather/forms/CameraViews.html?areaId=2&perspectiveId=2&siteId=105"
40,40,2013-03-06 19:51:32.793+00,,40,"Glenn Highway @ Thunderbird Falls MP 24","http://www.dot.state.ak.us/iways/roadweather/forms/CameraViews.html?areaId=3&perspectiveId=2&siteId=103"
41,41,2013-03-06 19:51:32.794+00,,41,"Sterling Highway @ Jean Lake Hill MP 62.3","http://www.dot.state.ak.us/iways/roadweather/forms/CameraViews.html?areaId=2&perspectiveId=2&siteId=106"
42,42,2013-03-06 19:51:32.794+00,,169,"I-80 with mountains in background","http://168.178.127.241/scanweb/SWFrame.asp?Pageid=Camera&Units=English&Groupid=-1&Siteid=74014&Senid=&WxId=1286&DisplayClass=Java&SenType=All&SenStatus=&Camera=1"
43,43,2013-03-06 19:51:32.794+00,,182,"I-15 near Willard Bay","http://168.178.127.241/scanweb/SWFrame.asp?Pageid=Camera&Units=English&Groupid=-1&Siteid=74011&Senid=&WxId=1244&DisplayClass=Java&SenType=All&SenStatus=&Camera=1"
44,44,2013-03-06 19:51:32.794+00,,1057,"Site photos for ACME Mesonet site","http://www.mesonet.org/sites/photos.php?site=ACME"
45,45,2013-03-06 19:51:32.794+00,,1058,"Site photos for ADAX Mesonet site","http://www.mesonet.org/sites/photos.php?site=ADAX"
46,46,2013-03-06 19:51:32.795+00,,1059,"Site photos for ALTU Mesonet site","http://www.mesonet.org/sites/photos.php?site=ALTU"
47,47,2013-03-06 19:51:32.795+00,,1060,"Site photos for ALV2 Mesonet site","http://www.mesonet.org/sites/photos.php?site=ALV2"
48,48,2013-03-06 19:51:32.795+00,,1061,"Site photos for ALVA Mesonet site","http://www.mesonet.org/sites/photos.php?site=ALVA"
49,49,2013-03-06 19:51:32.795+00,,1062,"Site photos for ANTL Mesonet site","http://www.mesonet.org/sites/photos.php?site=ANTL"
50,50,2013-03-06 19:51:32.795+00,,1063,"Site photos for APAC Mesonet site","http://www.mesonet.org/sites/photos.php?site=APAC"
51,51,2013-03-06 19:51:32.796+00,,1064,"Site photos for ARD2 Mesonet site","http://www.mesonet.org/sites/photos.php?site=ARD2"
52,52,2013-03-06 19:51:32.796+00,,1065,"Site photos for ARDM Mesonet site","http://www.mesonet.org/sites/photos.php?site=ARDM"
53,53,2013-03-06 19:51:32.796+00,,1066,"Site photos for ARNE Mesonet site","http://www.mesonet.org/sites/photos.php?site=ARNE"
54,54,2013-03-06 19:51:32.796+00,,1067,"Site photos for BBOW Mesonet site","http://www.mesonet.org/sites/photos.php?site=BBOW"
55,55,2013-03-06 19:51:32.796+00,,1068,"Site photos for BEAV Mesonet site","http://www.mesonet.org/sites/photos.php?site=BEAV"
56,56,2013-03-06 19:51:32.797+00,,1069,"Site photos for BEEX Mesonet site","http://www.mesonet.org/sites/photos.php?site=BEEX"
57,57,2013-03-06 19:51:32.797+00,,1070,"Site photos for BESS Mesonet site","http://www.mesonet.org/sites/photos.php?site=BESS"
58,58,2013-03-06 19:51:32.797+00,,1071,"Site photos for BIXB Mesonet site","http://www.mesonet.org/sites/photos.php?site=BIXB"
59,59,2013-03-06 19:51:32.797+00,,1072,"Site photos for BLAC Mesonet site","http://www.mesonet.org/sites/photos.php?site=BLAC"
60,60,2013-03-06 19:51:32.797+00,,1073,"Site photos for BOIS Mesonet site","http://www.mesonet.org/sites/photos.php?site=BOIS"
61,61,2013-03-06 19:51:32.798+00,,1074,"Site photos for BOWL Mesonet site","http://www.mesonet.org/sites/photos.php?site=BOWL"
62,62,2013-03-06 19:51:32.798+00,,1075,"Site photos for BREC Mesonet site","http://www.mesonet.org/sites/photos.php?site=BREC"
63,63,2013-03-06 19:51:32.798+00,,1076,"Site photos for BRIS Mesonet site","http://www.mesonet.org/sites/photos.php?site=BRIS"
64,64,2013-03-06 19:51:32.798+00,,1077,"Site photos for BROK Mesonet site","http://www.mesonet.org/sites/photos.php?site=BROK"
65,65,2013-03-06 19:51:32.798+00,,1078,"Site photos for BUFF Mesonet site","http://www.mesonet.org/sites/photos.php?site=BUFF"
66,66,2013-03-06 19:51:32.799+00,,1079,"Site photos for BURB Mesonet site","http://www.mesonet.org/sites/photos.php?site=BURB"
67,67,2013-03-06 19:51:32.799+00,,1080,"Site photos for BURN Mesonet site","http://www.mesonet.org/sites/photos.php?site=BURN"
68,68,2013-03-06 19:51:32.799+00,,1081,"Site photos for BUTL Mesonet site","http://www.mesonet.org/sites/photos.php?site=BUTL"
69,69,2013-03-06 19:51:32.799+00,,1082,"Site photos for BYAR Mesonet site","http://www.mesonet.org/sites/photos.php?site=BYAR"
70,70,2013-03-06 19:51:32.799+00,,1083,"Site photos for CALV Mesonet site","http://www.mesonet.org/sites/photos.php?site=CALV"
71,71,2013-03-06 19:51:32.799+00,,1084,"Site photos for CAMA Mesonet site","http://www.mesonet.org/sites/photos.php?site=CAMA"
72,72,2013-03-06 19:51:32.8+00,,1085,"Site photos for CATO Mesonet site","http://www.mesonet.org/sites/photos.php?site=CATO"
73,73,2013-03-06 19:51:32.8+00,,1086,"Site photos for CENT Mesonet site","http://www.mesonet.org/sites/photos.php?site=CENT"
74,74,2013-03-06 19:51:32.8+00,,1087,"Site photos for CHAN Mesonet site","http://www.mesonet.org/sites/photos.php?site=CHAN"
75,75,2013-03-06 19:51:32.8+00,,1088,"Site photos for CHER Mesonet site","http://www.mesonet.org/sites/photos.php?site=CHER"
76,76,2013-03-06 19:51:32.8+00,,1089,"Site photos for CHEY Mesonet site","http://www.mesonet.org/sites/photos.php?site=CHEY"
77,77,2013-03-06 19:51:32.801+00,,1090,"Site photos for CHIC Mesonet site","http://www.mesonet.org/sites/photos.php?site=CHIC"
78,78,2013-03-06 19:51:32.801+00,,1091,"Site photos for CLAR Mesonet site","http://www.mesonet.org/sites/photos.php?site=CLAR"
79,79,2013-03-06 19:51:32.801+00,,1092,"Site photos for CLAY Mesonet site","http://www.mesonet.org/sites/photos.php?site=CLAY"
80,80,2013-03-06 19:51:32.801+00,,1093,"Site photos for CLOU Mesonet site","http://www.mesonet.org/sites/photos.php?site=CLOU"
81,81,2013-03-06 19:51:32.801+00,,1094,"Site photos for CLRM Mesonet site","http://www.mesonet.org/sites/photos.php?site=CLRM"
82,82,2013-03-06 19:51:32.802+00,,1095,"Site photos for COOK Mesonet site","http://www.mesonet.org/sites/photos.php?site=COOK"
83,83,2013-03-06 19:51:32.802+00,,1096,"Site photos for COPA Mesonet site","http://www.mesonet.org/sites/photos.php?site=COPA"
84,84,2013-03-06 19:51:32.802+00,,1097,"Site photos for DURA Mesonet site","http://www.mesonet.org/sites/photos.php?site=DURA"
85,85,2013-03-06 19:51:32.802+00,,1098,"Site photos for ELRE Mesonet site","http://www.mesonet.org/sites/photos.php?site=ELRE"
86,86,2013-03-06 19:51:32.802+00,,1099,"Site photos for ERIC Mesonet site","http://www.mesonet.org/sites/photos.php?site=ERIC"
87,87,2013-03-06 19:51:32.803+00,,1100,"Site photos for EUFA Mesonet site","http://www.mesonet.org/sites/photos.php?site=EUFA"
88,88,2013-03-06 19:51:32.803+00,,1101,"Site photos for FAIR Mesonet site","http://www.mesonet.org/sites/photos.php?site=FAIR"
89,89,2013-03-06 19:51:32.803+00,,1102,"Site photos for FITT Mesonet site","http://www.mesonet.org/sites/photos.php?site=FITT"
90,90,2013-03-06 19:51:32.803+00,,1103,"Site photos for FORA Mesonet site","http://www.mesonet.org/sites/photos.php?site=FORA"
91,91,2013-03-06 19:51:32.803+00,,1104,"Site photos for FREE Mesonet site","http://www.mesonet.org/sites/photos.php?site=FREE"
92,92,2013-03-06 19:51:32.804+00,,1105,"Site photos for FTCB Mesonet site","http://www.mesonet.org/sites/photos.php?site=FTCB"
93,93,2013-03-06 19:51:32.804+00,,1106,"Site photos for GOOD Mesonet site","http://www.mesonet.org/sites/photos.php?site=GOOD"
94,94,2013-03-06 19:51:32.804+00,,1107,"Site photos for GRA2 Mesonet site","http://www.mesonet.org/sites/photos.php?site=GRA2"
95,95,2013-03-06 19:51:32.804+00,,1108,"Site photos for GRAN Mesonet site","http://www.mesonet.org/sites/photos.php?site=GRAN"
96,96,2013-03-06 19:51:32.804+00,,1109,"Site photos for GUTH Mesonet site","http://www.mesonet.org/sites/photos.php?site=GUTH"
97,97,2013-03-06 19:51:32.805+00,,1110,"Site photos for HASK Mesonet site","http://www.mesonet.org/sites/photos.php?site=HASK"
98,98,2013-03-06 19:51:32.805+00,,1111,"Site photos for HECT Mesonet site","http://www.mesonet.org/sites/photos.php?site=HECT"
99,99,2013-03-06 19:51:32.805+00,,1112,"Site photos for HINT Mesonet site","http://www.mesonet.org/sites/photos.php?site=HINT"
100,100,2013-03-06 19:51:32.805+00,,1113,"Site photos for HOBA Mesonet site","http://www.mesonet.org/sites/photos.php?site=HOBA"
101,101,2013-03-06 19:51:32.805+00,,1114,"Site photos for HOLL Mesonet site","http://www.mesonet.org/sites/photos.php?site=HOLL"
102,102,2013-03-06 19:51:32.806+00,,1115,"Site photos for HOOK Mesonet site","http://www.mesonet.org/sites/photos.php?site=HOOK"
103,103,2013-03-06 19:51:32.806+00,,1116,"Site photos for HUGO Mesonet site","http://www.mesonet.org/sites/photos.php?site=HUGO"
104,104,2013-03-06 19:51:32.806+00,,1117,"Site photos for IDAB Mesonet site","http://www.mesonet.org/sites/photos.php?site=IDAB"
105,105,2013-03-06 19:51:32.806+00,,1118,"Site photos for INOL Mesonet site","http://www.mesonet.org/sites/photos.php?site=INOL"
106,106,2013-03-06 19:51:32.806+00,,1119,"Site photos for JAYX Mesonet site","http://www.mesonet.org/sites/photos.php?site=JAYX"
107,107,2013-03-06 19:51:32.807+00,,1120,"Site photos for KENT Mesonet site","http://www.mesonet.org/sites/photos.php?site=KENT"
108,108,2013-03-06 19:51:32.807+00,,1121,"Site photos for KETC Mesonet site","http://www.mesonet.org/sites/photos.php?site=KETC"
109,109,2013-03-06 19:51:32.807+00,,1122,"Site photos for KING Mesonet site","http://www.mesonet.org/sites/photos.php?site=KING"
110,110,2013-03-06 19:51:32.807+00,,1123,"Site photos for LAHO Mesonet site","http://www.mesonet.org/sites/photos.php?site=LAHO"
111,111,2013-03-06 19:51:32.807+00,,1124,"Site photos for LANE Mesonet site","http://www.mesonet.org/sites/photos.php?site=LANE"
112,112,2013-03-06 19:51:32.808+00,,1125,"Site photos for MADI Mesonet site","http://www.mesonet.org/sites/photos.php?site=MADI"
113,113,2013-03-06 19:51:32.808+00,,1126,"Site photos for MANG Mesonet site","http://www.mesonet.org/sites/photos.php?site=MANG"
114,114,2013-03-06 19:51:32.808+00,,1127,"Site photos for MARE Mesonet site","http://www.mesonet.org/sites/photos.php?site=MARE"
115,115,2013-03-06 19:51:32.808+00,,1128,"Site photos for MARS Mesonet site","http://www.mesonet.org/sites/photos.php?site=MARS"
116,116,2013-03-06 19:51:32.808+00,,1129,"Site photos for MAYR Mesonet site","http://www.mesonet.org/sites/photos.php?site=MAYR"
117,117,2013-03-06 19:51:32.808+00,,1130,"Site photos for MCAL Mesonet site","http://www.mesonet.org/sites/photos.php?site=MCAL"
118,118,2013-03-06 19:51:32.809+00,,1131,"Site photos for MEDF Mesonet site","http://www.mesonet.org/sites/photos.php?site=MEDF"
119,119,2013-03-06 19:51:32.809+00,,1132,"Site photos for MEDI Mesonet site","http://www.mesonet.org/sites/photos.php?site=MEDI"
120,120,2013-03-06 19:51:32.809+00,,1133,"Site photos for MIAM Mesonet site","http://www.mesonet.org/sites/photos.php?site=MIAM"
121,121,2013-03-06 19:51:32.809+00,,1134,"Site photos for MINC Mesonet site","http://www.mesonet.org/sites/photos.php?site=MINC"
122,122,2013-03-06 19:51:32.809+00,,1135,"Site photos for MRSH Mesonet site","http://www.mesonet.org/sites/photos.php?site=MRSH"
123,123,2013-03-06 19:51:32.81+00,,1136,"Site photos for MTHE Mesonet site","http://www.mesonet.org/sites/photos.php?site=MTHE"
124,124,2013-03-06 19:51:32.81+00,,1137,"Site photos for NEWK Mesonet site","http://www.mesonet.org/sites/photos.php?site=NEWK"
125,125,2013-03-06 19:51:32.81+00,,1138,"Site photos for NEWP Mesonet site","http://www.mesonet.org/sites/photos.php?site=NEWP"
126,126,2013-03-06 19:51:32.81+00,,1139,"Site photos for NINN Mesonet site","http://www.mesonet.org/sites/photos.php?site=NINN"
127,127,2013-03-06 19:51:32.81+00,,1140,"Site photos for NORM Mesonet site","http://www.mesonet.org/sites/photos.php?site=NORM"
128,128,2013-03-06 19:51:32.811+00,,1141,"Site photos for NOWA Mesonet site","http://www.mesonet.org/sites/photos.php?site=NOWA"
129,129,2013-03-06 19:51:32.811+00,,1142,"Site photos for NRMN Mesonet site","http://www.mesonet.org/sites/photos.php?site=NRMN"
130,130,2013-03-06 19:51:32.811+00,,1143,"Site photos for OILT Mesonet site","http://www.mesonet.org/sites/photos.php?site=OILT"
131,131,2013-03-06 19:51:32.811+00,,1144,"Site photos for OKEM Mesonet site","http://www.mesonet.org/sites/photos.php?site=OKEM"
132,132,2013-03-06 19:51:32.811+00,,1145,"Site photos for OKMU Mesonet site","http://www.mesonet.org/sites/photos.php?site=OKMU"
133,133,2013-03-06 19:51:32.812+00,,1146,"Site photos for PAUL Mesonet site","http://www.mesonet.org/sites/photos.php?site=PAUL"
134,134,2013-03-06 19:51:32.812+00,,1147,"Site photos for PAWN Mesonet site","http://www.mesonet.org/sites/photos.php?site=PAWN"
135,135,2013-03-06 19:51:32.812+00,,1148,"Site photos for PERK Mesonet site","http://www.mesonet.org/sites/photos.php?site=PERK"
136,136,2013-03-06 19:51:32.812+00,,1149,"Site photos for PORT Mesonet site","http://www.mesonet.org/sites/photos.php?site=PORT"
137,137,2013-03-06 19:51:32.812+00,,1150,"Site photos for PRES Mesonet site","http://www.mesonet.org/sites/photos.php?site=PRES"
138,138,2013-03-06 19:51:32.813+00,,1151,"Site photos for PRYO Mesonet site","http://www.mesonet.org/sites/photos.php?site=PRYO"
139,139,2013-03-06 19:51:32.813+00,,1152,"Site photos for PUTN Mesonet site","http://www.mesonet.org/sites/photos.php?site=PUTN"
140,140,2013-03-06 19:51:32.813+00,,1153,"Site photos for REDR Mesonet site","http://www.mesonet.org/sites/photos.php?site=REDR"
141,141,2013-03-06 19:51:32.813+00,,1154,"Site photos for RETR Mesonet site","http://www.mesonet.org/sites/photos.php?site=RETR"
142,142,2013-03-06 19:51:32.813+00,,1155,"Site photos for RING Mesonet site","http://www.mesonet.org/sites/photos.php?site=RING"
143,143,2013-03-06 19:51:32.814+00,,1156,"Site photos for SALL Mesonet site","http://www.mesonet.org/sites/photos.php?site=SALL"
144,144,2013-03-06 19:51:32.814+00,,1157,"Site photos for SEIL Mesonet site","http://www.mesonet.org/sites/photos.php?site=SEIL"
145,145,2013-03-06 19:51:32.814+00,,1158,"Site photos for SHAW Mesonet site","http://www.mesonet.org/sites/photos.php?site=SHAW"
146,146,2013-03-06 19:51:32.814+00,,1159,"Site photos for SKIA Mesonet site","http://www.mesonet.org/sites/photos.php?site=SKIA"
147,147,2013-03-06 19:51:32.814+00,,1160,"Site photos for SLAP Mesonet site","http://www.mesonet.org/sites/photos.php?site=SLAP"
148,148,2013-03-06 19:51:32.815+00,,1161,"Site photos for SPEN Mesonet site","http://www.mesonet.org/sites/photos.php?site=SPEN"
149,149,2013-03-06 19:51:32.815+00,,1162,"Site photos for STIG Mesonet site","http://www.mesonet.org/sites/photos.php?site=STIG"
150,150,2013-03-06 19:51:32.815+00,,1163,"Site photos for STIL Mesonet site","http://www.mesonet.org/sites/photos.php?site=STIL"
151,151,2013-03-06 19:51:32.815+00,,1164,"Site photos for STUA Mesonet site","http://www.mesonet.org/sites/photos.php?site=STUA"
152,152,2013-03-06 19:51:32.815+00,,1165,"Site photos for SULP Mesonet site","http://www.mesonet.org/sites/photos.php?site=SULP"
153,153,2013-03-06 19:51:32.816+00,,1166,"Site photos for TAHL Mesonet site","http://www.mesonet.org/sites/photos.php?site=TAHL"
154,154,2013-03-06 19:51:32.816+00,,1167,"Site photos for TALI Mesonet site","http://www.mesonet.org/sites/photos.php?site=TALI"
155,155,2013-03-06 19:51:32.816+00,,1168,"Site photos for TIPT Mesonet site","http://www.mesonet.org/sites/photos.php?site=TIPT"
156,156,2013-03-06 19:51:32.816+00,,1169,"Site photos for TISH Mesonet site","http://www.mesonet.org/sites/photos.php?site=TISH"
157,157,2013-03-06 19:51:32.816+00,,1170,"Site photos for TULL Mesonet site","http://www.mesonet.org/sites/photos.php?site=TULL"
158,158,2013-03-06 19:51:32.816+00,,1171,"Site photos for VANO Mesonet site","http://www.mesonet.org/sites/photos.php?site=VANO"
159,159,2013-03-06 19:51:32.817+00,,1172,"Site photos for VINI Mesonet site","http://www.mesonet.org/sites/photos.php?site=VINI"
160,160,2013-03-06 19:51:32.817+00,,1173,"Site photos for WALT Mesonet site","http://www.mesonet.org/sites/photos.php?site=WALT"
161,161,2013-03-06 19:51:32.817+00,,1174,"Site photos for WASH Mesonet site","http://www.mesonet.org/sites/photos.php?site=WASH"
162,162,2013-03-06 19:51:32.817+00,,1175,"Site photos for WATO Mesonet site","http://www.mesonet.org/sites/photos.php?site=WATO"
163,163,2013-03-06 19:51:32.817+00,,1176,"Site photos for WAUR Mesonet site","http://www.mesonet.org/sites/photos.php?site=WAUR"
164,164,2013-03-06 19:51:32.818+00,,1177,"Site photos for WEAT Mesonet site","http://www.mesonet.org/sites/photos.php?site=WEAT"
165,165,2013-03-06 19:51:32.818+00,,1178,"Site photos for WEBB Mesonet site","http://www.mesonet.org/sites/photos.php?site=WEBB"
166,166,2013-03-06 19:51:32.818+00,,1179,"Site photos for WEST Mesonet site","http://www.mesonet.org/sites/photos.php?site=WEST"
167,167,2013-03-06 19:51:32.818+00,,1180,"Site photos for WILB Mesonet site","http://www.mesonet.org/sites/photos.php?site=WILB"
168,168,2013-03-06 19:51:32.818+00,,1181,"Site photos for WIST Mesonet site","http://www.mesonet.org/sites/photos.php?site=WIST"
169,169,2013-03-06 19:51:32.819+00,,1182,"Site photos for WOOD Mesonet site","http://www.mesonet.org/sites/photos.php?site=WOOD"
170,170,2013-03-06 19:51:32.819+00,,1183,"Site photos for WYNO Mesonet site","http://www.mesonet.org/sites/photos.php?site=WYNO"
171,171,2013-03-06 19:51:32.819+00,,42,"Site layout for MN001 RWIS site","http://www.rwis.dot.state.mn.us/scanweb/swframe.asp?Pageid=SiteOverlayMap&Units=English&Groupid=5&Siteid=330003&DisplayClass=Java&SenType=All&Mapid=1679"
172,172,2013-03-06 19:51:32.819+00,,43,"Site layout for MN003 RWIS site","http://www.rwis.dot.state.mn.us/scanweb/swframe.asp?Pageid=SiteOverlayMap&Units=English&Groupid=8&Siteid=330002&DisplayClass=Java&SenType=All&Mapid=1758"
173,173,2013-03-06 19:51:32.819+00,,44,"Site layout for MN004 RWIS site","http://www.rwis.dot.state.mn.us/scanweb/swframe.asp?Pageid=SiteOverlayMap&Units=English&Groupid=5&Siteid=330003&DisplayClass=Java&SenType=All&Mapid=1680"
174,174,2013-03-06 19:51:32.82+00,,45,"Site layout for MN005 RWIS site","http://www.rwis.dot.state.mn.us/scanweb/swframe.asp?Pageid=SiteOverlayMap&Units=English&Groupid=330000&Siteid=330004&DisplayClass=Java&SenType=All&Mapid=1681"
175,175,2013-03-06 19:51:32.82+00,,46,"Site layout for MN006 RWIS site","http://www.rwis.dot.state.mn.us/scanweb/swframe.asp?Pageid=SiteOverlayMap&Units=English&Groupid=8&Siteid=330005&DisplayClass=Java&SenType=All&Mapid=1747"
176,176,2013-03-06 19:51:32.82+00,,47,"Site layout for MN007 RWIS site","http://www.rwis.dot.state.mn.us/scanweb/swframe.asp?Pageid=SiteOverlayMap&Units=English&Groupid=8&Siteid=330006&DisplayClass=Java&SenType=All&Mapid=1683"
177,177,2013-03-06 19:51:32.82+00,,48,"Site layout for MN008 RWIS site","http://www.rwis.dot.state.mn.us/scanweb/swframe.asp?Pageid=SiteOverlayMap&Units=English&Groupid=8&Siteid=330007&DisplayClass=Java&SenType=All&Mapid=1684"
178,178,2013-03-06 19:51:32.82+00,,49,"Site layout for MN009 RWIS site","http://www.rwis.dot.state.mn.us/scanweb/swframe.asp?Pageid=SiteOverlayMap&Units=English&Groupid=8&Siteid=330008&DisplayClass=Java&SenType=All&Mapid=1749"
179,179,2013-03-06 19:51:32.821+00,,50,"Site layout for MN010 RWIS site","http://www.rwis.dot.state.mn.us/scanweb/swframe.asp?Pageid=SiteOverlayMap&Units=English&Groupid=8&Siteid=330009&DisplayClass=Java&SenType=All&Mapid=1685"
180,180,2013-03-06 19:51:32.821+00,,51,"Site layout for MN011 RWIS site","http://www.rwis.dot.state.mn.us/scanweb/swframe.asp?Pageid=SiteOverlayMap&Units=English&Groupid=8&Siteid=330010&DisplayClass=Java&SenType=All&Mapid=1686"
181,181,2013-03-06 19:51:32.821+00,,52,"Site layout for MN012 RWIS site","http://www.rwis.dot.state.mn.us/scanweb/swframe.asp?Pageid=SiteOverlayMap&Units=English&Groupid=8&Siteid=330011&DisplayClass=Java&SenType=All&Mapid=1754"
182,182,2013-03-06 19:51:32.821+00,,53,"Site layout for MN013 RWIS site","http://www.rwis.dot.state.mn.us/scanweb/swframe.asp?Pageid=SiteOverlayMap&Units=English&Groupid=5&Siteid=330012&DisplayClass=Java&SenType=All&Mapid=1687"
183,183,2013-03-06 19:51:32.822+00,,54,"Site layout for MN014 RWIS site","http://www.rwis.dot.state.mn.us/scanweb/swframe.asp?Pageid=SiteOverlayMap&Units=English&Groupid=5&Siteid=330013&DisplayClass=Java&SenType=All&Mapid=1688"
184,184,2013-03-06 19:51:32.822+00,,55,"Site layout for MN015 RWIS site","http://www.rwis.dot.state.mn.us/scanweb/swframe.asp?Pageid=SiteOverlayMap&Units=English&Groupid=5&Siteid=330014&DisplayClass=Java&SenType=All&Mapid=1689"
185,185,2013-03-06 19:51:32.822+00,,56,"Site layout for MN016 RWIS site","http://www.rwis.dot.state.mn.us/scanweb/swframe.asp?Pageid=SiteOverlayMap&Units=English&Groupid=5&Siteid=330015&DisplayClass=Java&SenType=All&Mapid=1690"
186,186,2013-03-06 19:51:32.822+00,,57,"Site layout for MN017 RWIS site","http://www.rwis.dot.state.mn.us/scanweb/swframe.asp?Pageid=SiteOverlayMap&Units=English&Groupid=5&Siteid=330016&DisplayClass=Java&SenType=All&Mapid=1691"
187,187,2013-03-06 19:51:32.822+00,,58,"Site layout for MN018 RWIS site","http://www.rwis.dot.state.mn.us/scanweb/swframe.asp?Pageid=SiteOverlayMap&Units=English&Groupid=330000&Siteid=330017&DisplayClass=Java&SenType=All&Mapid=1692"
188,188,2013-03-06 19:51:32.822+00,,59,"Site layout for MN019 RWIS site","http://www.rwis.dot.state.mn.us/scanweb/swframe.asp?Pageid=SiteOverlayMap&Units=English&Groupid=330000&Siteid=330018&DisplayClass=Java&SenType=All&Mapid=1693"
189,189,2013-03-06 19:51:32.823+00,,60,"Site layout for MN020 RWIS site","http://www.rwis.dot.state.mn.us/scanweb/swframe.asp?Pageid=SiteOverlayMap&Units=English&Groupid=5&Siteid=330019&DisplayClass=Java&SenType=All&Mapid=1694"
190,190,2013-03-06 19:51:32.823+00,,61,"Site layout for MN021 RWIS site","http://www.rwis.dot.state.mn.us/scanweb/swframe.asp?Pageid=SiteOverlayMap&Units=English&Groupid=8&Siteid=330020&DisplayClass=Java&SenType=All&Mapid=1695"
191,191,2013-03-06 19:51:32.823+00,,62,"Site layout for MN022 RWIS site","http://www.rwis.dot.state.mn.us/scanweb/swframe.asp?Pageid=SiteOverlayMap&Units=English&Groupid=8&Siteid=330021&DisplayClass=Java&SenType=All&Mapid=1696"
192,192,2013-03-06 19:51:32.823+00,,63,"Site layout for MN024 RWIS site","http://www.rwis.dot.state.mn.us/scanweb/swframe.asp?Pageid=SiteOverlayMap&Units=English&Groupid=330000&Siteid=330023&DisplayClass=Java&SenType=All&Mapid=1697"
193,193,2013-03-06 19:51:32.824+00,,64,"Site layout for MN025 RWIS site","http://www.rwis.dot.state.mn.us/scanweb/swframe.asp?Pageid=SiteOverlayMap&Units=English&Groupid=330000&Siteid=330024&DisplayClass=Java&SenType=All&Mapid=1698"
194,194,2013-03-06 19:51:32.824+00,,65,"Site layout for MN026 RWIS site","http://www.rwis.dot.state.mn.us/scanweb/swframe.asp?Pageid=SiteOverlayMap&Units=English&Groupid=330000&Siteid=330025&DisplayClass=Java&SenType=All&Mapid=1699"
195,195,2013-03-06 19:51:32.824+00,,66,"Site layout for MN027 RWIS site","http://www.rwis.dot.state.mn.us/scanweb/swframe.asp?Pageid=SiteOverlayMap&Units=English&Groupid=330000&Siteid=330026&DisplayClass=Java&SenType=All&Mapid=1700"
196,196,2013-03-06 19:51:32.824+00,,67,"Site layout for MN028 RWIS site","http://www.rwis.dot.state.mn.us/scanweb/swframe.asp?Pageid=SiteOverlayMap&Units=English&Groupid=8&Siteid=330027&DisplayClass=Java&SenType=All&Mapid=1701"
197,197,2013-03-06 19:51:32.824+00,,68,"Site layout for MN029 RWIS site","http://www.rwis.dot.state.mn.us/scanweb/swframe.asp?Pageid=SiteOverlayMap&Units=English&Groupid=8&Siteid=330028&DisplayClass=Java&SenType=All&Mapid=1702"
198,198,2013-03-06 19:51:32.825+00,,69,"Site layout for MN030 RWIS site","http://www.rwis.dot.state.mn.us/scanweb/swframe.asp?Pageid=SiteOverlayMap&Units=English&Groupid=8&Siteid=330029&DisplayClass=Java&SenType=All&Mapid=1703"
199,199,2013-03-06 19:51:32.825+00,,70,"Site layout for MN031 RWIS site","http://www.rwis.dot.state.mn.us/scanweb/swframe.asp?Pageid=SiteOverlayMap&Units=English&Groupid=8&Siteid=330030&DisplayClass=Java&SenType=All&Mapid=1704"
200,200,2013-03-06 19:51:32.825+00,,71,"Site layout for MN033 RWIS site","http://www.rwis.dot.state.mn.us/scanweb/swframe.asp?Pageid=SiteOverlayMap&Units=English&Groupid=8&Siteid=330032&DisplayClass=Java&SenType=All&Mapid=1705"
201,201,2013-03-06 19:51:32.825+00,,72,"Site layout for MN034 RWIS site","http://www.rwis.dot.state.mn.us/scanweb/swframe.asp?Pageid=SiteOverlayMap&Units=English&Groupid=5&Siteid=330033&DisplayClass=Java&SenType=All&Mapid=1706"
202,202,2013-03-06 19:51:32.825+00,,73,"Site layout for MN035 RWIS site","http://www.rwis.dot.state.mn.us/scanweb/swframe.asp?Pageid=SiteOverlayMap&Units=English&Groupid=4&Siteid=330034&DisplayClass=Java&SenType=All&Mapid=1707"
203,203,2013-03-06 19:51:32.826+00,,74,"Site layout for MN036 RWIS site","http://www.rwis.dot.state.mn.us/scanweb/swframe.asp?Pageid=SiteOverlayMap&Units=English&Groupid=5&Siteid=330035&DisplayClass=Java&SenType=All&Mapid=1708"
204,204,2013-03-06 19:51:32.826+00,,75,"Site layout for MN037 RWIS site","http://www.rwis.dot.state.mn.us/scanweb/swframe.asp?Pageid=SiteOverlayMap&Units=English&Groupid=5&Siteid=330036&DisplayClass=Java&SenType=All&Mapid=1709"
205,205,2013-03-06 19:51:32.826+00,,76,"Site layout for MN038 RWIS site","http://www.rwis.dot.state.mn.us/scanweb/swframe.asp?Pageid=SiteOverlayMap&Units=English&Groupid=8&Siteid=330037&DisplayClass=Java&SenType=All&Mapid=1710"
206,206,2013-03-06 19:51:32.826+00,,77,"Site layout for MN040 RWIS site","http://www.rwis.dot.state.mn.us/scanweb/swframe.asp?Pageid=SiteOverlayMap&Units=English&Groupid=8&Siteid=330039&DisplayClass=Java&SenType=All&Mapid=1711"
207,207,2013-03-06 19:51:32.826+00,,78,"Site layout for MN041 RWIS site","http://www.rwis.dot.state.mn.us/scanweb/swframe.asp?Pageid=SiteOverlayMap&Units=English&Groupid=330000&Siteid=330040&DisplayClass=Java&SenType=All&Mapid=1712"
208,208,2013-03-06 19:51:32.827+00,,79,"Site layout for MN042 RWIS site","http://www.rwis.dot.state.mn.us/scanweb/swframe.asp?Pageid=SiteOverlayMap&Units=English&Groupid=8&Siteid=330041&DisplayClass=Java&SenType=All&Mapid=1713"
209,209,2013-03-06 19:51:32.827+00,,80,"Site layout for MN043 RWIS site","http://www.rwis.dot.state.mn.us/scanweb/swframe.asp?Pageid=SiteOverlayMap&Units=English&Groupid=8&Siteid=330042&DisplayClass=Java&SenType=All&Mapid=1714"
210,210,2013-03-06 19:51:32.827+00,,81,"Site layout for MN044 RWIS site","http://www.rwis.dot.state.mn.us/scanweb/swframe.asp?Pageid=SiteOverlayMap&Units=English&Groupid=5&Siteid=330043&DisplayClass=Java&SenType=All&Mapid=1757"
211,211,2013-03-06 19:51:32.827+00,,82,"Site layout for MN045 RWIS site","http://www.rwis.dot.state.mn.us/scanweb/swframe.asp?Pageid=SiteOverlayMap&Units=English&Groupid=8&Siteid=330044&DisplayClass=Java&SenType=All&Mapid=1715"
212,212,2013-03-06 19:51:32.827+00,,83,"Site layout for MN047 RWIS site","http://www.rwis.dot.state.mn.us/scanweb/swframe.asp?Pageid=SiteOverlayMap&Units=English&Groupid=8&Siteid=330046&DisplayClass=Java&SenType=All&Mapid=1716"
213,213,2013-03-06 19:51:32.828+00,,84,"Site layout for MN048 RWIS site","http://www.rwis.dot.state.mn.us/scanweb/swframe.asp?Pageid=SiteOverlayMap&Units=English&Groupid=12&Siteid=330047&DisplayClass=Java&SenType=All&Mapid=1717"
214,214,2013-03-06 19:51:32.828+00,,85,"Site layout for MN049 RWIS site","http://www.rwis.dot.state.mn.us/scanweb/swframe.asp?Pageid=SiteOverlayMap&Units=English&Groupid=4&Siteid=330048&DisplayClass=Java&SenType=All&Mapid=1718"
215,215,2013-03-06 19:51:32.828+00,,86,"Site layout for MN050 RWIS site","http://www.rwis.dot.state.mn.us/scanweb/swframe.asp?Pageid=SiteOverlayMap&Units=English&Groupid=330000&Siteid=330049&DisplayClass=Java&SenType=All&Mapid=1720"
216,216,2013-03-06 19:51:32.828+00,,87,"Site layout for MN051 RWIS site","http://www.rwis.dot.state.mn.us/scanweb/swframe.asp?Pageid=SiteOverlayMap&Units=English&Groupid=330000&Siteid=330050&DisplayClass=Java&SenType=All&Mapid=1719"
217,217,2013-03-06 19:51:32.828+00,,88,"Site layout for MN052 RWIS site","http://www.rwis.dot.state.mn.us/scanweb/swframe.asp?Pageid=SiteOverlayMap&Units=English&Groupid=330000&Siteid=330051&DisplayClass=Java&SenType=All&Mapid=1721"
218,218,2013-03-06 19:51:32.829+00,,89,"Site layout for MN053 RWIS site","http://www.rwis.dot.state.mn.us/scanweb/swframe.asp?Pageid=SiteOverlayMap&Units=English&Groupid=330000&Siteid=330052&DisplayClass=Java&SenType=All&Mapid=1722"
219,219,2013-03-06 19:51:32.829+00,,90,"Site layout for MN054 RWIS site","http://www.rwis.dot.state.mn.us/scanweb/swframe.asp?Pageid=SiteOverlayMap&Units=English&Groupid=5&Siteid=330053&DisplayClass=Java&SenType=All&Mapid=1723"
220,220,2013-03-06 19:51:32.829+00,,91,"Site layout for MN055 RWIS site","http://www.rwis.dot.state.mn.us/scanweb/swframe.asp?Pageid=SiteOverlayMap&Units=English&Groupid=5&Siteid=330054&DisplayClass=Java&SenType=All&Mapid=1724"
221,221,2013-03-06 19:51:32.829+00,,92,"Site layout for MN056 RWIS site","http://www.rwis.dot.state.mn.us/scanweb/swframe.asp?Pageid=SiteOverlayMap&Units=English&Groupid=330000&Siteid=330055&DisplayClass=Java&SenType=All&Mapid=1725"
222,222,2013-03-06 19:51:32.829+00,,93,"Site layout for MN057 RWIS site","http://www.rwis.dot.state.mn.us/scanweb/swframe.asp?Pageid=SiteOverlayMap&Units=English&Groupid=4&Siteid=330056&DisplayClass=Java&SenType=All&Mapid=1726"
223,223,2013-03-06 19:51:32.83+00,,94,"Site layout for MN058 RWIS site","http://www.rwis.dot.state.mn.us/scanweb/swframe.asp?Pageid=SiteOverlayMap&Units=English&Groupid=330000&Siteid=330057&DisplayClass=Java&SenType=All&Mapid=1727"
224,224,2013-03-06 19:51:32.83+00,,95,"Site layout for MN059 RWIS site","http://www.rwis.dot.state.mn.us/scanweb/swframe.asp?Pageid=SiteOverlayMap&Units=English&Groupid=8&Siteid=330058&DisplayClass=Java&SenType=All&Mapid=1728"
225,225,2013-03-06 19:51:32.83+00,,96,"Site layout for MN060 RWIS site","http://www.rwis.dot.state.mn.us/scanweb/swframe.asp?Pageid=SiteOverlayMap&Units=English&Groupid=8&Siteid=330058&DisplayClass=Java&SenType=All&Mapid=1728"
226,226,2013-03-06 19:51:32.83+00,,97,"Site layout for MN061 RWIS site","http://www.rwis.dot.state.mn.us/scanweb/swframe.asp?Pageid=SiteOverlayMap&Units=English&Groupid=330000&Siteid=330060&DisplayClass=Java&SenType=All&Mapid=1756"
227,227,2013-03-06 19:51:32.83+00,,98,"Site layout for MN062 RWIS site","http://www.rwis.dot.state.mn.us/scanweb/swframe.asp?Pageid=SiteOverlayMap&Units=English&Groupid=5&Siteid=330061&DisplayClass=Java&SenType=All&Mapid=1729"
228,228,2013-03-06 19:51:32.831+00,,99,"Site layout for MN063 RWIS site","http://www.rwis.dot.state.mn.us/scanweb/swframe.asp?Pageid=SiteOverlayMap&Units=English&Groupid=5&Siteid=330062&DisplayClass=Java&SenType=All&Mapid=1730"
229,229,2013-03-06 19:51:32.831+00,,100,"Site layout for MN064 RWIS site","http://www.rwis.dot.state.mn.us/scanweb/swframe.asp?Pageid=SiteOverlayMap&Units=English&Groupid=5&Siteid=330063&DisplayClass=Java&SenType=All&Mapid=1731"
230,230,2013-03-06 19:51:32.831+00,,101,"Site layout for MN065 RWIS site","http://www.rwis.dot.state.mn.us/scanweb/swframe.asp?Pageid=SiteOverlayMap&Units=English&Groupid=8&Siteid=330064&DisplayClass=Java&SenType=All&Mapid=1732"
231,231,2013-03-06 19:51:32.831+00,,102,"Site layout for MN066 RWIS site","http://www.rwis.dot.state.mn.us/scanweb/swframe.asp?Pageid=SiteOverlayMap&Units=English&Groupid=5&Siteid=330065&DisplayClass=Java&SenType=All&Mapid=1733"
232,232,2013-03-06 19:51:32.831+00,,103,"Site layout for MN067 RWIS site","http://www.rwis.dot.state.mn.us/scanweb/swframe.asp?Pageid=SiteOverlayMap&Units=English&Groupid=330000&Siteid=330066&DisplayClass=Java&SenType=All&Mapid=1734"
233,233,2013-03-06 19:51:32.832+00,,104,"Site layout for MN068 RWIS site","http://www.rwis.dot.state.mn.us/scanweb/swframe.asp?Pageid=SiteOverlayMap&Units=English&Groupid=330000&Siteid=330067&DisplayClass=Java&SenType=All&Mapid=1735"
234,234,2013-03-06 19:51:32.832+00,,105,"Site layout for MN069 RWIS site","http://www.rwis.dot.state.mn.us/scanweb/swframe.asp?Pageid=SiteOverlayMap&Units=English&Groupid=8&Siteid=330068&DisplayClass=Java&SenType=All&Mapid=1736"
235,235,2013-03-06 19:51:32.832+00,,106,"Site layout for MN070 RWIS site","http://www.rwis.dot.state.mn.us/scanweb/swframe.asp?Pageid=SiteOverlayMap&Units=English&Groupid=8&Siteid=330069&DisplayClass=Java&SenType=All&Mapid=1737"
236,236,2013-03-06 19:51:32.832+00,,107,"Site layout for MN071 RWIS site","http://www.rwis.dot.state.mn.us/scanweb/swframe.asp?Pageid=SiteOverlayMap&Units=English&Groupid=8&Siteid=330070&DisplayClass=Java&SenType=All&Mapid=1738"
237,237,2013-03-06 19:51:32.832+00,,108,"Site layout for MN072 RWIS site","http://www.rwis.dot.state.mn.us/scanweb/swframe.asp?Pageid=SiteOverlayMap&Units=English&Groupid=330000&Siteid=330071&DisplayClass=Java&SenType=All&Mapid=1739"
238,238,2013-03-06 19:51:32.833+00,,109,"Site layout for MN073 RWIS site","http://www.rwis.dot.state.mn.us/scanweb/swframe.asp?Pageid=SiteOverlayMap&Units=English&Groupid=8&Siteid=330072&DisplayClass=Java&SenType=All&Mapid=1740"
239,239,2013-03-06 19:51:32.833+00,,110,"Site layout for MN074 RWIS site","http://www.rwis.dot.state.mn.us/scanweb/swframe.asp?Pageid=SiteOverlayMap&Units=English&Groupid=8&Siteid=330073&DisplayClass=Java&SenType=All&Mapid=1741"
240,240,2013-03-06 19:51:32.833+00,,111,"Site layout for MN075 RWIS site","http://www.rwis.dot.state.mn.us/scanweb/swframe.asp?Pageid=SiteOverlayMap&Units=English&Groupid=5&Siteid=330074&DisplayClass=Java&SenType=All&Mapid=1742"
241,241,2013-03-06 19:51:32.833+00,,112,"Site layout for MN076 RWIS site","http://www.rwis.dot.state.mn.us/scanweb/swframe.asp?Pageid=SiteOverlayMap&Units=English&Groupid=5&Siteid=330075&DisplayClass=Java&SenType=All&Mapid=1743"
242,242,2013-03-06 19:51:32.833+00,,113,"Site layout for MN077 RWIS site","http://www.rwis.dot.state.mn.us/scanweb/swframe.asp?Pageid=SiteOverlayMap&Units=English&Groupid=330000&Siteid=330076&DisplayClass=Java&SenType=All&Mapid=1744"
243,243,2013-03-06 19:51:32.834+00,,114,"Site layout for MN078 RWIS site","http://www.rwis.dot.state.mn.us/scanweb/swframe.asp?Pageid=SiteOverlayMap&Units=English&Groupid=330000&Siteid=330077&DisplayClass=Java&SenType=All&Mapid=1745"
244,244,2013-03-06 19:51:32.834+00,,115,"Site layout for MN079 RWIS site","http://www.rwis.dot.state.mn.us/scanweb/swframe.asp?Pageid=SiteOverlayMap&Units=English&Groupid=8&Siteid=330078&DisplayClass=Java&SenType=All&Mapid=1746"
245,245,2013-03-06 19:51:32.834+00,,1184,"Parks Highway @ Antler Creek MP 244","http://www.dot.state.ak.us/iways/roadweather/forms/CameraViews.html?areaId=1&perspectiveId=2&siteId=183"
246,246,2013-03-06 19:51:32.834+00,,1186,"Parks Highway @ Nenana Hills MP 325.4","http://www.dot.state.ak.us/iways/roadweather/forms/CameraViews.html?areaId=1&perspectiveId=2&siteId=184"
247,247,2013-03-06 19:51:32.834+00,,1187,"Richardson Highway @ Tenderfoot MP 292.6","http://www.dot.state.ak.us/iways/roadweather/forms/CameraViews.html?areaId=4&perspectiveId=2&siteId=186"
248,248,2013-03-06 19:51:32.835+00,,1188,"Alaska Highway @ Canadian Border MP 1221.8","http://www.dot.state.ak.us/iways/roadweather/forms/CameraViews.html?areaId=4&perspectiveId=2&siteId=187"
249,249,2013-03-06 19:51:32.835+00,,1189,"Parks Highway @ Rex Bridge MP 276","http://www.dot.state.ak.us/iways/roadweather/forms/CameraViews.html?areaId=1&perspectiveId=2&siteId=185"
250,250,2013-03-06 19:51:32.835+00,,1686,""Griffin","Black River Rest Area I-64 MP-7 E/B""
251,251,2013-03-06 19:51:32.835+00,,1687,"Sullivan US-41 S/B MP-84","http://rwis.indot.state.in.us/scanweb/SWFrame.asp?Pageid=Camera&Units=English&Groupid=&Siteid=356017&Senid=&WxId=1700&DisplayClass=Java&SenType=All&SenStatus=&Camera=1"
252,252,2013-03-06 19:51:32.835+00,,1688,"Bloomington SR 37 & SR 46","http://rwis.indot.state.in.us/scanweb/SWFrame.asp?Pageid=Camera&Units=English&Groupid=&Siteid=356018&Senid=&WxId=&DisplayClass=Java&SenType=All&SenStatus=&Camera=1"
253,253,2013-03-06 19:51:32.836+00,,1689,"Columbus  I - 65 & SR 46","http://rwis.indot.state.in.us/scanweb/SWFrame.asp?Pageid=Camera&Units=English&Groupid=&Siteid=356019&Senid=&WxId=1900&DisplayClass=Java&SenType=All&SenStatus=&Camera=1"
254,254,2013-03-06 19:51:32.836+00,,1690,"Scottsburg","http://rwis.indot.state.in.us/scanweb/SWFrame.asp?Pageid=Camera&Units=English&Groupid=&Siteid=356020&Senid=&WxId=2000&DisplayClass=Java&SenType=All&SenStatus=&Camera=1"
